<application>
  <component name="DimensionService">
    <location key="#Browse_Repositories.0.0.1680.1050" x="428" y="83" />
    <location key="#Plugins.0.0.1680.1050" x="440" y="86" />
    <location key="SettingsEditor.0.0.1680.1050" x="346" y="84" />
    <location key="new project wizard.0.0.1680.1050" x="429" y="55" />
    <location key="WELCOME_SCREEN.0.0.1680.1050" x="839" y="230" />
    <location key="com.intellij.ide.util.TipDialog.0.0.1680.1050" x="558" y="332" />
    <location key="#com.intellij.execution.impl.EditConfigurationsDialog.0.0.1680.1050" x="304" y="166" />
    <location key="#Project_Structure.0.0.1680.1050" x="328" y="85" />
    <size key="GridCell.Tab.0.left.0.0.1680.1050" width="1358" height="240" />
    <size key="GridCell.Tab.0.center.0.0.1680.1050" width="1358" height="240" />
    <size key="GridCell.Tab.0.right.0.0.1680.1050" width="1358" height="240" />
    <size key="GridCell.Tab.0.bottom.0.0.1680.1050" width="1358" height="240" />
  </component>
</application>