<application>
  <component name="PropertiesComponent">
    <property name="evlsprt3.163" value="18" />
    <property name="installed.kotlin.plugin.version" value="1.0.5-release-IJ2016.3-1" />
    <property name="android-component-compatibility-check" value="1486131407331" />
    <property name="PLUGIN_FILTER" value="node.js&#10;nodejs&#10;node" />
    <property name="project.wizard.group" value="JAVA_MODULE" />
    <property name="jdk.selected.JAVA_MODULE" value="9-ea" />
    <property name="toolwindow.stripes.buttons.info.shown" value="true" />
    <property name="DeploymentNotificationsComponent.WarnDisplayed.Java7&amp;Windows7FTPIssue" value="false" />
    <property name="lastTip" value="1" />
    <property name="project.wizard.template" value="Java" />
    <property name="ExpandBeforeRunStepsPanel" value="true" />
  </component>
</application>