<application>
  <component name="RecentProjectsManager">
    <option name="additionalInfo">
      <map>
        <entry key="$USER_HOME$/IdeaProjects/test123">
          <value>
            <RecentProjectMetaInfo>
              <option name="build" value="IU-163.12024.16" />
              <option name="productionCode" value="IU" />
              <option name="binFolder" value="$APPLICATION_HOME_DIR$/bin" />
              <option name="projectOpenTimestamp" value="1486134176530" />
              <option name="buildTimestamp" value="1485857123658" />
            </RecentProjectMetaInfo>
          </value>
        </entry>
      </map>
    </option>
    <option name="lastProjectLocation" value="$USER_HOME$/IdeaProjects" />
  </component>
</application>