<application>
  <component name="UsageTrigger">
    <counts>
      <entry feature="execute.Application.Run" count="2" />
      <entry feature="ide.settings.Appearance" count="1" />
      <entry feature="ide.settings.Plugins" count="1" />
      <entry feature="ide.settings.Project_Structure" count="1" />
      <entry feature="ideaapp.started" count="2" />
      <entry feature="welcome.screen.WelcomeScreen.Configure" count="2" />
      <entry feature="welcome.screen.WelcomeScreen.CreateNewProject" count="2" />
      <entry feature="welcome.screen.WelcomeScreen.Plugins" count="1" />
      <entry feature="welcome.screen.WelcomeScreen.Settings" count="1" />
    </counts>
  </component>
</application>